N,B,mg,LPN,K_code,n_pre,n_orth,msq,seconds,hamiltonian
8,0,0.00625,4,26,195,195,0.07890968526102916,3.15,improved
8,0,0.00625,4,28,245,245,0.07899155798638777,1.89,improved
8,0,0.00625,4,30,295,295,0.0790624299318412,1.91,improved
8,0,0.00625,4,32,360,360,0.07912433556890204,1.96,improved
8,0,0.00625,4,34,425,425,0.07917883846748323,1.95,improved
8,0,0.00625,4,36,507,507,0.07922715999053528,1.98,improved
8,0,0.00625,4,38,589,589,0.07927026795382529,2.0,improved
8,0,0.00625,4,40,690,690,0.07930893911318342,2.02,improved
8,0,0.00625,4,42,791,791,0.07934380404932512,2.07,improved
8,0,0.00625,4,44,913,913,0.07937537993578254,2.09,improved
8,0,0.00625,4,46,1035,1035,0.0794040949055365,2.14,improved
8,0,0.00625,4,48,1180,1180,0.0794303063742283,2.23,improved
8,0,0.00625,4,50,1325,1325,0.07945431506079832,2.23,improved
8,0,0.00625,4,52,1495,1495,0.07947637573849956,2.32,improved
8,0,0.00625,4,54,1665,1665,0.07949670570115513,2.41,improved
8,0,0.00625,4,56,1862,1862,0.07951549135846255,2.45,improved
8,0,0.00625,4,58,2059,2059,0.07953289355481574,2.56,improved
8,0,0.00625,4,60,2285,2285,0.0795490517694093,2.63,improved
8,0,0.00625,4,62,2511,2511,0.07956408753549442,2.65,improved
8,0,0.00625,4,64,2768,2768,0.07957810724738616,2.82,improved
8,0,0.00625,4,66,3025,3025,0.07959120441140848,2.94,improved
8,0,0.00625,4,68,3315,3315,0.07960346155944946,3.14,improved
8,0,0.00625,4,70,3605,3605,0.07961495178875834,3.26,improved
8,0,0.003125,4,26,195,195,0.03935387827575002,1.84,improved
8,0,0.003125,4,28,245,245,0.03939577740802535,1.88,improved
8,0,0.003125,4,30,295,295,0.03943213979963114,1.88,improved
8,0,0.003125,4,32,360,360,0.03946398455583766,1.91,improved
8,0,0.003125,4,34,425,425,0.03949209542860041,1.91,improved
8,0,0.003125,4,36,507,507,0.0395170850128845,1.96,improved
8,0,0.003125,4,38,589,589,0.03953943908486289,1.97,improved
8,0,0.003125,4,40,690,690,0.03955954775153439,2.0,improved
8,0,0.003125,4,42,791,791,0.03957772793587844,2.05,improved
8,0,0.003125,4,44,913,913,0.039594239741720084,2.08,improved
8,0,0.003125,4,46,1035,1035,0.03960929862483777,2.18,improved
8,0,0.003125,4,48,1180,1180,0.03962308460324496,2.17,improved
8,0,0.003125,4,50,1325,1325,0.03963574921556169,2.22,improved
8,0,0.003125,4,52,1495,1495,0.03964742096167608,2.35,improved
8,0,0.003125,4,54,1665,1665,0.039658209501861594,2.36,improved
8,0,0.003125,4,56,1862,1862,0.03966820898685126,2.43,improved
8,0,0.003125,4,58,2059,2059,0.039677500702833,2.54,improved
8,0,0.003125,4,60,2285,2285,0.03968615519924428,2.65,improved
8,0,0.003125,4,62,2511,2511,0.039694233998768355,2.66,improved
8,0,0.003125,4,64,2768,2768,0.03970179098241439,2.85,improved
8,0,0.003125,4,66,3025,3025,0.03970887356786831,2.97,improved
8,0,0.003125,4,68,3315,3315,0.03971552361839538,3.2,improved
8,0,0.003125,4,70,3605,3605,0.03972177823940377,3.33,improved
8,0,0.0015625,4,26,195,195,0.01965130756205749,1.87,improved
8,0,0.0015625,4,28,245,245,0.019672506040246913,1.89,improved
8,0,0.0015625,4,30,295,295,0.019690927378849764,1.9,improved
8,0,0.0015625,4,32,360,360,0.019707081539743414,1.92,improved
8,0,0.0015625,4,34,425,425,0.019721360848495132,1.93,improved
8,0,0.0015625,4,36,507,507,0.0197340720584614,1.96,improved
8,0,0.0015625,4,38,589,589,0.019745458493541184,1.99,improved
8,0,0.0015625,4,40,690,690,0.019755715615672534,2.01,improved
8,0,0.0015625,4,42,791,791,0.01976500226679568,2.06,improved
8,0,0.0015625,4,44,913,913,0.019773448876685203,2.13,improved
8,0,0.0015625,4,46,1035,1035,0.019781163495711677,2.09,improved
8,0,0.0015625,4,48,1180,1180,0.01978823644848983,2.15,improved
8,0,0.0015625,4,50,1325,1325,0.019794743791260457,2.29,improved
8,0,0.0015625,4,52,1495,1495,0.01980075003011713,2.28,improved
8,0,0.0015625,4,54,1665,1665,0.019806310259025114,2.32,improved
8,0,0.0015625,4,56,1862,1862,0.019811471772144786,2.48,improved
8,0,0.0015625,4,58,2059,2059,0.01981627542258639,2.52,improved
8,0,0.0015625,4,60,2285,2285,0.01982075668240763,2.64,improved
8,0,0.0015625,4,62,2511,2511,0.019824946496005087,2.75,improved
8,0,0.0015625,4,64,2768,2768,0.019828871969817922,2.88,improved
8,0,0.0015625,4,66,3025,3025,0.019832556974316077,2.93,improved
8,0,0.0015625,4,68,3315,3315,0.019836022586670204,3.19,improved
8,0,0.0015625,4,70,3605,3605,0.019839287497181692,3.2,improved
8,0,0.00078125,4,26,195,195,0.009819197504654887,1.81,improved
8,0,0.00078125,4,28,245,245,0.009829860045741028,1.83,improved
8,0,0.00078125,4,30,295,295,0.009839131872375555,1.83,improved
8,0,0.00078125,4,32,360,360,0.00984726805005589,1.89,improved
8,0,0.00078125,4,34,425,425,0.009854464852941763,1.89,improved
8,0,0.00078125,4,36,507,507,0.009860875774519925,1.94,improved
8,0,0.00078125,4,38,589,589,0.009866622578560177,1.97,improved
8,0,0.00078125,4,40,690,690,0.009871803093475259,2.02,improved
8,0,0.00078125,4,42,791,791,0.009876496844249676,2.04,improved
8,0,0.00078125,4,44,913,913,0.009880769121182523,2.07,improved
8,0,0.00078125,4,46,1035,1035,0.009884674035942932,2.12,improved
8,0,0.00078125,4,48,1180,1180,0.009888256829455318,2.21,improved
8,0,0.00078125,4,50,1325,1325,0.009891555599013,2.22,improved
8,0,0.00078125,4,52,1495,1495,0.009894602662456623,2.28,improved
8,0,0.00078125,4,54,1665,1665,0.009897425622712354,2.38,improved
8,0,0.00078125,4,56,1862,1862,0.009900048190406846,2.41,improved
8,0,0.00078125,4,58,2059,2059,0.00990249084193108,2.54,improved
8,0,0.00078125,4,60,2285,2285,0.009904771354894227,2.65,improved
8,0,0.00078125,4,62,2511,2511,0.009906905252152131,2.65,improved
8,0,0.00078125,4,64,2768,2768,0.009908906130268274,2.83,improved
8,0,0.00078125,4,66,3025,3025,0.009910785960809687,2.94,improved
8,0,0.00078125,4,68,3315,3315,0.009912555318004291,3.18,improved
8,0,0.00078125,4,70,3605,3605,0.009914223578546499,3.33,improved
8,0,0.000390625,4,26,195,195,0.004907978623406712,1.8,improved
8,0,0.000390625,4,28,245,245,0.00491332585584583,1.83,improved
8,0,0.000390625,4,30,295,295,0.0049179772039911075,1.86,improved
8,0,0.000390625,4,32,360,360,0.004922060218694062,1.87,improved
8,0,0.000390625,4,34,425,425,0.004925673056715509,1.88,improved
8,0,0.000390625,4,36,507,507,0.00492889250213611,1.89,improved
8,0,0.000390625,4,38,589,589,0.004931779456926615,1.92,improved
8,0,0.000390625,4,40,690,690,0.004934382869097517,1.97,improved
8,0,0.000390625,4,42,791,791,0.0049367425117517955,1.99,improved
8,0,0.000390625,4,44,913,913,0.004938891062125223,2.08,improved
8,0,0.000390625,4,46,1035,1035,0.004940855589821596,2.07,improved
8,0,0.000390625,4,48,1180,1180,0.004942658738516197,2.17,improved
8,0,0.000390625,4,50,1325,1325,0.004944319572129735,2.3,improved
8,0,0.000390625,4,52,1495,1495,0.0049458542640578125,2.31,improved
8,0,0.000390625,4,54,1665,1665,0.004947276632297304,2.38,improved
8,0,0.000390625,4,56,1862,1862,0.004948598550181384,2.5,improved
8,0,0.000390625,4,58,2059,2059,0.004949830259141645,2.51,improved
8,0,0.000390625,4,60,2285,2285,0.004950980668058508,2.65,improved
8,0,0.000390625,4,62,2511,2511,0.004952057548566387,2.75,improved
8,0,0.000390625,4,64,2768,2768,0.004953067704864693,2.82,improved
8,0,0.000390625,4,66,3025,3025,0.0049540171341151155,2.96,improved
8,0,0.000390625,4,68,3315,3315,0.004954911132860152,3.25,improved
8,0,0.000390625,4,70,3605,3605,0.004955754402331871,3.31,improved
8,0,0.0001953125,4,26,195,195,0.0024535834877918734,1.87,improved
8,0,0.0001953125,4,28,245,245,0.0024562611106935094,1.88,improved
8,0,0.0001953125,4,30,295,295,0.002458590664798154,1.88,improved
8,0,0.0001953125,4,32,360,360,0.0024606359177861813,1.92,improved
8,0,0.0001953125,4,34,425,425,0.002462445967650322,1.95,improved
8,0,0.0001953125,4,36,507,507,0.0024640592053439343,1.95,improved
8,0,0.0001953125,4,38,589,589,0.002465506090641557,1.98,improved
8,0,0.0001953125,4,40,690,690,0.00246681110680993,2.01,improved
8,0,0.0001953125,4,42,791,791,0.002467994140550843,2.04,improved
8,0,0.0001953125,4,44,913,913,0.0024690715369180614,2.08,improved
8,0,0.0001953125,4,46,1035,1035,0.0024700568430310013,2.12,improved
8,0,0.0001953125,4,48,1180,1180,0.00247096137784114,2.17,improved
8,0,0.0001953125,4,50,1325,1325,0.0024717946796045205,2.18,improved
8,0,0.0001953125,4,52,1495,1495,0.0024725648375766222,2.25,improved
8,0,0.0001953125,4,54,1665,1665,0.0024732787657251562,2.37,improved
8,0,0.0001953125,4,56,1862,1862,0.002473942404457944,2.45,improved
8,0,0.0001953125,4,58,2059,2059,0.002474560877742541,2.56,improved
8,0,0.0001953125,4,60,2285,2285,0.002475138642857734,2.7,improved
8,0,0.0001953125,4,62,2511,2511,0.002475679589102694,2.71,improved
8,0,0.0001953125,4,64,2768,2768,0.002476187122296168,2.89,improved
8,0,0.0001953125,4,66,3025,3025,0.0024766642388026994,3.0,improved
8,0,0.0001953125,4,68,3315,3315,0.002477113591621128,3.22,improved
8,0,0.0001953125,4,70,3605,3605,0.0024775375354404603,4.09,improved
