# M^2 of the ground state on an (m/g, K) grid, for all five Table I channels.
#
# Written for the weak-coupling analysis in docs/weak-coupling-limit.md, which
# needs a finer m/g grid than Table I's and a longer reach in m/g than the
# (m/g)^2 limit form survives.  Two things it supports that Table I's own
# couplings cannot:
#
#   * the chiral end (m/g = 0.025-0.2), where the joint (m/g, K) fit is scored
#     and where it puts the per-coupling Eq. (27) values 1-2 sigma high;
#   * the heavy end (m/g up to 24, mes N=2 and bar N=3 only), which is what
#     confirms the free-quark limit R = M^2/(m^2+g^2/pi) -> n_q^2 that the
#     rational limit form imposes.  Measured R/n_q^2 at 2K=68: 1.0060 (mes N=2)
#     and 1.0096 (bar N=3) at m/g = 24.
#
# Units: M^2 in m^2 + g^2/pi, the same convention as refs/table1.csv.
# LPN is the Table I truncation, figures.sweep_lpn(N, B).
# Grid: 2K = 25..69 at the parity each channel requires, so K_code steps by 2.
#
# Superset of data/joint_fit_msq.csv, which is kept because tools/joint_fit.py
# takes it by name.  The 120 overlapping bar N=3 cells agree to 1.6e-14
# relative -- 74 of them bit-identically, the rest differing in the last digit
# or two, since a sparse Lanczos solve is not bit-reproducible across runs.
# That is ten orders of magnitude below the 1e-4 reproducibility floor of the
# original algorithm (docs/basis-dependence.md).
#
# Regenerate a superset (this is a reduction of large_k_sweep's nine columns):
#   python tools/large_k_sweep.py --N <N> --B <B> --K-lo 25 --K-hi 69 \
#       --mg 0.025 0.05 0.075 0.1 0.15 0.2 0.3 0.4 0.6 0.8 1.2 1.6 \
#       --lpn <sweep_lpn(N,B)> --nev 12
# --nev 12 is verified to give the identical ground state to a full solve
# (0.3012878408 at mes N=2, 2K=68, m/g=0.1).
#
# Channels: mes N=2, mes N=3, bar N=3, mes N=4, bar N=4
# Couplings: 0.025, 0.05, 0.075, 0.1, 0.15, 0.2, 0.3, 0.4, 0.6, 0.8, 1.2, 1.6, 3.0, 6.0, 12.0, 24.0
# 1446 rows.
quantity,N,B,mg,LPN,K_code,msq
mes,2,0,24.0,4,26,4.013234429160229
mes,2,0,24.0,4,28,4.029601497502737
mes,2,0,24.0,4,30,4.015469989974824
mes,2,0,24.0,4,32,4.026458685417764
mes,2,0,24.0,4,34,4.017466354098038
mes,2,0,24.0,4,36,4.024746762096524
mes,2,0,24.0,4,38,4.019172660758893
mes,2,0,24.0,4,40,4.023868751457846
mes,2,0,24.0,4,42,4.020558504717372
mes,2,0,24.0,4,44,4.023482891322439
mes,2,0,24.0,4,46,4.02162737340428
mes,2,0,24.0,4,48,4.023383207133742
mes,2,0,24.0,4,50,4.022418117151359
mes,2,0,24.0,4,52,4.023442376066912
mes,2,0,24.0,4,54,4.0229910411520855
mes,2,0,24.0,4,56,4.023581858416947
mes,2,0,24.0,4,58,4.023408354751288
mes,2,0,24.0,4,60,4.02375463055685
mes,2,0,24.0,4,62,4.023720969334301
mes,2,0,24.0,4,64,4.023934136251597
mes,2,0,24.0,4,66,4.023964831387787
mes,2,0,24.0,4,68,4.024106729857705
mes,2,0,12.0,4,26,4.045584034393521
mes,2,0,12.0,4,28,4.053489653647297
mes,2,0,12.0,4,30,4.0497591168143146
mes,2,0,12.0,4,32,4.053376952548001
mes,2,0,12.0,4,34,4.05231753502266
mes,2,0,12.0,4,36,4.0539329023173405
mes,2,0,12.0,4,38,4.053869974292745
mes,2,0,12.0,4,40,4.054654945631477
mes,2,0,12.0,4,42,4.054887183788399
mes,2,0,12.0,4,44,4.055345329816781
mes,2,0,12.0,4,46,4.055625796147945
mes,2,0,12.0,4,48,4.0559472476663005
mes,2,0,12.0,4,50,4.0562057213276725
mes,2,0,12.0,4,52,4.056458572843702
mes,2,0,12.0,4,54,4.056682611308695
mes,2,0,12.0,4,56,4.056892726089147
mes,2,0,12.0,4,58,4.057085194031379
mes,2,0,12.0,4,60,4.057264416563306
mes,2,0,12.0,4,62,4.0574307114818815
mes,2,0,12.0,4,64,4.05758589124254
mes,2,0,12.0,4,66,4.057730850844206
mes,2,0,12.0,4,68,4.057866659042434
mes,2,0,6.0,4,26,4.115592175710788
mes,2,0,6.0,4,28,4.117339032988417
mes,2,0,6.0,4,30,4.11853015879623
mes,2,0,6.0,4,32,4.119651390572502
mes,2,0,6.0,4,34,4.120595298531268
mes,2,0,6.0,4,36,4.121433084693884
mes,2,0,6.0,4,38,4.1221721479394295
mes,2,0,6.0,4,40,4.122831863598687
mes,2,0,6.0,4,42,4.123423767788144
mes,2,0,6.0,4,44,4.123958071143798
mes,2,0,6.0,4,46,4.124442811267235
mes,2,0,6.0,4,48,4.124884633044116
mes,2,0,6.0,4,50,4.125289025651555
mes,2,0,6.0,4,52,4.125660577066203
mes,2,0,6.0,4,54,4.12600315037144
mes,2,0,6.0,4,56,4.126320022780807
mes,2,0,6.0,4,58,4.12661399310879
mes,2,0,6.0,4,60,4.126887466403406
mes,2,0,6.0,4,62,4.127142521123815
mes,2,0,6.0,4,64,4.127380962963832
mes,2,0,6.0,4,66,4.127604368329119
mes,2,0,6.0,4,68,4.127814119726347
mes,2,0,3.0,4,26,4.222233673242589
mes,2,0,3.0,4,28,4.224477859082505
mes,2,0,3.0,4,30,4.226406183133405
mes,2,0,3.0,4,32,4.22808136467662
mes,2,0,3.0,4,34,4.229550442184178
mes,2,0,3.0,4,36,4.230849419508596
mes,2,0,3.0,4,38,4.232006338664319
mes,2,0,3.0,4,40,4.233043375035943
mes,2,0,3.0,4,42,4.233978301163529
mes,2,0,3.0,4,44,4.234825531439434
mes,2,0,3.0,4,46,4.2355968818412215
mes,2,0,3.0,4,48,4.236302131736363
mes,2,0,3.0,4,50,4.236949445586794
mes,2,0,3.0,4,52,4.237545693792056
mes,2,0,3.0,4,54,4.238096699801566
mes,2,0,3.0,4,56,4.238607432574733
mes,2,0,3.0,4,58,4.2390821580167595
mes,2,0,3.0,4,60,4.239524559259774
mes,2,0,3.0,4,62,4.239937833029953
mes,2,0,3.0,4,64,4.240324767479471
mes,2,0,3.0,4,66,4.240687805517053
mes,2,0,3.0,4,68,4.241029096699694
mes,2,0,1.6,4,26,4.265562352161671
mes,2,0,1.6,4,28,4.269042645876686
mes,2,0,1.6,4,30,4.2720539238493505
mes,2,0,1.6,4,32,4.2746853476687265
mes,2,0,1.6,4,34,4.277004749136216
mes,2,0,1.6,4,36,4.279064669068317
mes,2,0,1.6,4,38,4.280906448259466
mes,2,0,1.6,4,40,4.282563068263624
mes,2,0,1.6,4,42,4.284061167231661
mes,2,0,1.6,4,44,4.2854224980110205
mes,2,0,1.6,4,46,4.286665000966246
mes,2,0,1.6,4,48,4.287803605497237
mes,2,0,1.6,4,50,4.288850837193211
mes,2,0,1.6,4,52,4.2898172835563555
mes,2,0,1.6,4,54,4.290711955347524
mes,2,0,1.6,4,56,4.291542569896527
mes,2,0,1.6,4,58,4.292315775378989
mes,2,0,1.6,4,60,4.293037329943137
mes,2,0,1.6,4,62,4.2937122459579316
mes,2,0,1.6,4,64,4.2943449070628334
mes,2,0,1.6,4,66,4.294939163826779
mes,2,0,1.6,4,68,4.295498412443871
mes,2,0,1.2,4,26,4.183422146116236
mes,2,0,1.2,4,28,4.1877569913757675
mes,2,0,1.2,4,30,4.191521386622404
mes,2,0,1.2,4,32,4.194821439299243
mes,2,0,1.2,4,34,4.197738382802191
mes,2,0,1.2,4,36,4.200335485659697
mes,2,0,1.2,4,38,4.202662772039321
mes,2,0,1.2,4,40,4.2047603241258305
mes,2,0,1.2,4,42,4.206660640940742
mes,2,0,1.2,4,44,4.208390354536425
mes,2,0,1.2,4,46,4.209971499360948
mes,2,0,1.2,4,48,4.211422465126907
mes,2,0,1.2,4,50,4.2127587217334685
mes,2,0,1.2,4,52,4.213993377519291
mes,2,0,1.2,4,54,4.2151376139681656
mes,2,0,1.2,4,56,4.216201027674264
mes,2,0,1.2,4,58,4.217191901885285
mes,2,0,1.2,4,60,4.2181174240034
mes,2,0,1.2,4,62,4.218983861199648
mes,2,0,1.2,4,64,4.219796703272531
mes,2,0,1.2,4,66,4.220560779668734
mes,2,0,1.2,4,68,4.2212803559640735
mes,2,0,0.8,4,26,3.8186449436646193
mes,2,0,0.8,4,28,3.8248715667914177
mes,2,0,0.8,4,30,3.8303123040272102
mes,2,0,0.8,4,32,3.835108373139556
mes,2,0,0.8,4,34,3.8393688870858864
mes,2,0,0.8,4,36,3.8431795211688247
mes,2,0,0.8,4,38,3.846608508514387
mes,2,0,0.8,4,40,3.849710879722736
mes,2,0,0.8,4,42,3.8525315199195487
mes,2,0,0.8,4,44,3.8551074117476953
mes,2,0,0.8,4,46,3.8574693069666286
mes,2,0,0.8,4,48,3.8596429899006868
mes,2,0,0.8,4,50,3.861650244683925
mes,2,0,0.8,4,52,3.8635096044273087
mes,2,0,0.8,4,54,3.865236937701682
mes,2,0,0.8,4,56,3.8668459121885683
mes,2,0,0.8,4,58,3.868348364555097
mes,2,0,0.8,4,60,3.8697545979982713
mes,2,0,0.8,4,62,3.871073623468507
mes,2,0,0.8,4,64,3.8723133566512016
mes,2,0,0.8,4,66,3.873480779907808
mes,2,0,0.8,4,68,3.8745820762514476
mes,2,0,0.6,4,26,3.3263657248895417
mes,2,0,0.6,4,28,3.3349435926527384
mes,2,0,0.6,4,30,3.3424762506235113
mes,2,0,0.6,4,32,3.3491474438466837
mes,2,0,0.6,4,34,3.3550997762223034
mes,2,0,0.6,4,36,3.3604456919753862
mes,2,0,0.6,4,38,3.3652751017977995
mes,2,0,0.6,4,40,3.369660795716702
mes,2,0,0.6,4,42,3.3736623600055293
mes,2,0,0.6,4,44,3.377329060856871
mes,2,0,0.6,4,46,3.3807020004764534
mes,2,0,0.6,4,48,3.383815751845874
mes,2,0,0.6,4,50,3.3866996140141827
mes,2,0,0.6,4,52,3.3893785872006683
mes,2,0,0.6,4,54,3.3918741382982116
mes,2,0,0.6,4,56,3.3942048076964877
mes,2,0,0.6,4,58,3.3963866946446855
mes,2,0,0.6,4,60,3.3984338486946535
mes,2,0,0.6,4,62,3.400358587834055
mes,2,0,0.6,4,64,3.402171758894541
mes,2,0,0.6,4,66,3.4038829521354215
mes,2,0,0.6,4,68,3.4055006791728335
mes,2,0,0.4,4,26,2.3731353012993717
mes,2,0,0.4,4,28,2.3854417693089673
mes,2,0,0.4,4,30,2.396387111326719
mes,2,0,0.4,4,32,2.406196272948009
mes,2,0,0.4,4,34,2.4150460650336756
mes,2,0,0.4,4,36,2.4230775602346557
mes,2,0,0.4,4,38,2.430404812169975
mes,2,0,0.4,4,40,2.4371211178286787
mes,2,0,0.4,4,42,2.443303599630094
mes,2,0,0.4,4,44,2.4490166139686864
mes,2,0,0.4,4,46,2.4543143247662043
mes,2,0,0.4,4,48,2.45924267284471
mes,2,0,0.4,4,50,2.4638409014405735
mes,2,0,0.4,4,52,2.468142751104285
mes,2,0,0.4,4,54,2.4721774052132965
mes,2,0,0.4,4,56,2.47597024518011
mes,2,0,0.4,4,58,2.4795434588874157
mes,2,0,0.4,4,60,2.4829165348056508
mes,2,0,0.4,4,62,2.4861066662575566
mes,2,0,0.4,4,64,2.48912908445856
mes,2,0,0.4,4,66,2.491997334653288
mes,2,0,0.4,4,68,2.4947235064528837
mes,2,0,0.3,4,26,1.675364144229178
mes,2,0,0.3,4,28,1.688098242797548
mes,2,0,0.3,4,30,1.6995591878805152
mes,2,0,0.3,4,32,1.7099442823956872
mes,2,0,0.3,4,34,1.719410562380179
mes,2,0,0.3,4,36,1.7280847858016684
mes,2,0,0.3,4,38,1.7360705485044612
mes,2,0,0.3,4,40,1.7434534561494732
mes,2,0,0.3,4,42,1.7503049505972874
mes,2,0,0.3,4,44,1.7566851860541561
mes,2,0,0.3,4,46,1.7626452219880409
mes,2,0,0.3,4,48,1.7682287167835806
mes,2,0,0.3,4,50,1.773473251189206
mes,2,0,0.3,4,52,1.7784113735697373
mes,2,0,0.3,4,54,1.7830714335511482
mes,2,0,0.3,4,56,1.787478252899221
mes,2,0,0.3,4,58,1.7916536699085093
mes,2,0,0.3,4,60,1.7956169845547834
mes,2,0,0.3,4,62,1.7993853251053598
mes,2,0,0.3,4,64,1.8029739520553694
mes,2,0,0.3,4,66,1.8063965116697542
mes,2,0,0.3,4,68,1.8096652487169234
mes,2,0,0.2,4,26,0.9041883226421454
mes,2,0,0.2,4,28,0.9137825117050657
mes,2,0,0.2,4,30,0.9225405591567878
mes,2,0,0.2,4,32,0.9305821955629611
mes,2,0,0.2,4,34,0.9380039902148037
mes,2,0,0.2,4,36,0.9448848759934977
mes,2,0,0.2,4,38,0.9512901320589627
mes,2,0,0.2,4,40,0.9572743113998494
mes,2,0,0.2,4,42,0.9628834302694951
mes,2,0,0.2,4,44,0.9681566310165977
mes,2,0,0.2,4,46,0.9731274625427427
mes,2,0,0.2,4,48,0.9778248786924807
mes,2,0,0.2,4,50,0.9822740255717071
mes,2,0,0.2,4,52,0.9864968688566013
mes,2,0,0.2,4,54,0.9905126983563989
mes,2,0,0.2,4,56,0.9943385373848312
mes,2,0,0.2,4,58,0.9979894775698545
mes,2,0,0.2,4,60,1.001478954717558
mes,2,0,0.2,4,62,1.0048189776761394
mes,2,0,0.2,4,64,1.008020319425874
mes,2,0,0.2,4,66,1.0110926775856266
mes,2,0,0.2,4,68,1.0140448099836847
mes,2,0,0.15,4,26,0.5488531341989483
mes,2,0,0.15,4,28,0.5554964357193766
mes,2,0,0.15,4,30,0.5616022459171138
mes,2,0,0.15,4,32,0.5672447297259803
mes,2,0,0.15,4,34,0.5724840196487035
mes,2,0,0.15,4,36,0.5773695154759084
mes,2,0,0.15,4,38,0.5819422717931871
mes,2,0,0.15,4,40,0.5862367594326479
mes,2,0,0.15,4,42,0.5902821876158612
mes,2,0,0.15,4,44,0.5941035117027765
mes,2,0,0.15,4,46,0.5977222119522745
mes,2,0,0.15,4,48,0.6011569028453138
mes,2,0,0.15,4,50,0.6044238152315764
mes,2,0,0.15,4,52,0.6075371817766716
mes,2,0,0.15,4,54,0.6105095480073229
mes,2,0,0.15,4,56,0.6133520254878391
mes,2,0,0.15,4,58,0.6160744995374768
mes,2,0,0.15,4,60,0.6186858009062581
mes,2,0,0.15,4,62,0.6211938486329618
mes,2,0,0.15,4,64,0.623605769677744
mes,2,0,0.15,4,66,0.6259279996990769
mes,2,0,0.15,4,68,0.6281663684167653
mes,2,0,0.1,4,26,0.25839383513846254
mes,2,0,0.1,4,28,0.2618535132201183
mes,2,0,0.1,4,30,0.2650521062064458
mes,2,0,0.1,4,32,0.26802459479617524
mes,2,0,0.1,4,34,0.27079944028419944
mes,2,0,0.1,4,36,0.27340010475663695
mes,2,0,0.1,4,38,0.2758461531020675
mes,2,0,0.1,4,40,0.2781540676190649
mes,2,0,0.1,4,42,0.28033786065996785
mes,2,0,0.1,4,44,0.2824095425225217
mes,2,0,0.1,4,46,0.2843794837518123
mes,2,0,0.1,4,48,0.28625669919059427
mes,2,0,0.1,4,50,0.28804907320162376
mes,2,0,0.1,4,52,0.2897635400887113
mes,2,0,0.1,4,54,0.29140622998903254
mes,2,0,0.1,4,56,0.292982587866965
mes,2,0,0.1,4,58,0.29449747134083604
mes,2,0,0.1,4,60,0.2959552317002608
mes,2,0,0.1,4,62,0.29735978146059777
mes,2,0,0.1,4,64,0.29871465104829076
mes,2,0,0.1,4,66,0.30002303664747015
mes,2,0,0.1,4,68,0.3012878408086934
mes,2,0,0.075,4,26,0.1484115446281733
mes,2,0,0.075,4,28,0.1504741351970229
mes,2,0,0.075,4,30,0.1523856541602496
mes,2,0,0.075,4,32,0.1541661349074912
mes,2,0,0.075,4,34,0.1558318935715234
mes,2,0,0.075,4,36,0.15739639400344688
mes,2,0,0.075,4,38,0.15887087506701833
mes,2,0,0.075,4,40,0.1602648145352209
mes,2,0,0.075,4,42,0.16158627812927157
mes,2,0,0.075,4,44,0.1628421862120261
mes,2,0,0.075,4,46,0.16403852039422914
mes,2,0,0.075,4,48,0.1651804855963463
mes,2,0,0.075,4,50,0.16627263861134356
mes,2,0,0.075,4,52,0.16731899114649001
mes,2,0,0.075,4,54,0.16832309318872665
mes,2,0,0.075,4,56,0.16928810103651282
mes,2,0,0.075,4,58,0.17021683325962136
mes,2,0,0.075,4,60,0.17111181706965717
mes,2,0,0.075,4,62,0.1719753270056951
mes,2,0,0.075,4,64,0.17280941741473824
mes,2,0,0.075,4,66,0.173615949882454
mes,2,0,0.075,4,68,0.17439661652823077
mes,2,0,0.05,4,26,0.06696811079056578
mes,2,0,0.05,4,28,0.06792477142319703
mes,2,0,0.05,4,30,0.06881303072759891
mes,2,0,0.05,4,32,0.06964189752167592
mes,2,0,0.05,4,34,0.07041871326410963
mes,2,0,0.05,4,36,0.07114953959825786
mes,2,0,0.05,4,38,0.07183943946814408
mes,2,0,0.05,4,40,0.07249268505619513
mes,2,0,0.05,4,42,0.0731129142733566
mes,2,0,0.05,4,44,0.07370325035849931
mes,2,0,0.05,4,46,0.07426639455442777
mes,2,0,0.05,4,48,0.07480469882107121
mes,2,0,0.05,4,50,0.07532022353360247
mes,2,0,0.05,4,52,0.07581478373931326
mes,2,0,0.05,4,54,0.0762899865916381
mes,2,0,0.05,4,56,0.07674726190757258
mes,2,0,0.05,4,58,0.07718788730977369
mes,2,0,0.05,4,60,0.0776130090667738
mes,2,0,0.05,4,62,0.07802365948423226
mes,2,0,0.05,4,64,0.07842077151121277
mes,2,0,0.05,4,66,0.07880519107953482
mes,2,0,0.05,4,68,0.07917768758580743
mes,2,0,0.025,4,26,0.016896798775667476
mes,2,0,0.025,4,28,0.017142297102615427
mes,2,0,0.025,4,30,0.017370519626535345
mes,2,0,0.025,4,32,0.017583733498036446
mes,2,0,0.025,4,34,0.017783786774425936
mes,2,0,0.025,4,36,0.017972205776917625
mes,2,0,0.025,4,38,0.01815026571935467
mes,2,0,0.025,4,40,0.018319042957351622
mes,2,0,0.025,4,42,0.018479454314346375
mes,2,0,0.025,4,44,0.018632287140555145
mes,2,0,0.025,4,46,0.01877822260771375
mes,2,0,0.025,4,48,0.018917853988618828
mes,2,0,0.025,4,50,0.01905170116319173
mes,2,0,0.025,4,52,0.019180222250144395
mes,2,0,0.025,4,54,0.019303823020567858
mes,2,0,0.025,4,56,0.019422864583758085
mes,2,0,0.025,4,58,0.019537669711642662
mes,2,0,0.025,4,60,0.019648528081673097
mes,2,0,0.025,4,62,0.019755700652752672
mes,2,0,0.025,4,64,0.01985942334085534
mes,2,0,0.025,4,66,0.01995991012467968
mes,2,0,0.025,4,68,0.02005735568426566
mes,3,0,1.6,4,26,4.549633222742526
mes,3,0,1.6,4,28,4.554287080735203
mes,3,0,1.6,4,30,4.558327207086576
mes,3,0,1.6,4,32,4.56186796843831
mes,3,0,1.6,4,34,4.5649968802404
mes,3,0,1.6,4,36,4.567782074434034
mes,3,0,1.6,4,38,4.570277399176681
mes,3,0,1.6,4,40,4.572525984925128
mes,3,0,1.6,4,42,4.5745627905300985
mes,3,0,1.6,4,44,4.5764164549360355
mes,3,0,1.6,4,46,4.578110666247328
mes,3,0,1.6,4,48,4.5796651890674145
mes,3,0,1.6,4,50,4.5810966458095335
mes,3,0,1.6,4,52,4.5824191181801135
mes,3,0,1.6,4,54,4.583644615405012
mes,3,0,1.6,4,56,4.584783442458199
mes,3,0,1.6,4,58,4.585844492382394
mes,3,0,1.6,4,60,4.586835480370159
mes,3,0,1.6,4,62,4.587763132722196
mes,3,0,1.6,4,64,4.588633340524395
mes,3,0,1.6,4,66,4.589451285503868
mes,3,0,1.6,4,68,4.590221543773449
mes,3,0,1.2,4,26,4.533649824590544
mes,3,0,1.2,4,28,4.539875830460073
mes,3,0,1.2,4,30,4.545302454797012
mes,3,0,1.2,4,32,4.550075178147956
mes,3,0,1.2,4,34,4.554306066681924
mes,3,0,1.2,4,36,4.5580828719038875
mes,3,0,1.2,4,38,4.561475303517135
mes,3,0,1.2,4,40,4.564539451419495
mes,3,0,1.2,4,42,4.567320965223936
mes,3,0,1.2,4,44,4.5698573810599
mes,3,0,1.2,4,46,4.572179851476838
mes,3,0,1.2,4,48,4.574314450045916
mes,3,0,1.2,4,50,4.576283168027992
mes,3,0,1.2,4,52,4.578104684818438
mes,3,0,1.2,4,54,4.579794969972878
mes,3,0,1.2,4,56,4.581367758314323
mes,3,0,1.2,4,58,4.582834928318971
mes,3,0,1.2,4,60,4.584206806026672
mes,3,0,1.2,4,62,4.58549241105593
mes,3,0,1.2,4,64,4.586699657209448
mes,3,0,1.2,4,66,4.587835517168288
mes,3,0,1.2,4,68,4.588906158565081
mes,3,0,0.8,4,26,4.218024255938372
mes,3,0,0.8,4,28,4.228805640173136
mes,3,0,0.8,4,30,4.238258992960557
mes,3,0,0.8,4,32,4.246619473786587
mes,3,0,0.8,4,34,4.254069298167785
mes,3,0,0.8,4,36,4.260751934079577
mes,3,0,0.8,4,38,4.266781943436146
mes,3,0,0.8,4,40,4.272251956292333
mes,3,0,0.8,4,42,4.277237710287122
mes,3,0,0.8,4,44,4.281801755801829
mes,3,0,0.8,4,46,4.2859962228506925
mes,3,0,0.8,4,48,4.289864916535401
mes,3,0,0.8,4,50,4.293444924348488
mes,3,0,0.8,4,52,4.296767863442118
mes,3,0,0.8,4,54,4.299860858847951
mes,3,0,0.8,4,56,4.302747318210362
mes,3,0,0.8,4,58,4.305447550907025
mes,3,0,0.8,4,60,4.307979266949378
mes,3,0,0.8,4,62,4.310357982121641
mes,3,0,0.8,4,64,4.3125973493527185
mes,3,0,0.8,4,66,4.3147094315721715
mes,3,0,0.8,4,68,4.316704927796796
mes,3,0,0.6,4,26,3.6876399682521486
mes,3,0,0.6,4,28,3.7036670478990112
mes,3,0,0.6,4,30,3.7178356756371014
mes,3,0,0.6,4,32,3.7304625226368673
mes,3,0,0.6,4,34,3.7417949202717535
mes,3,0,0.6,4,36,3.7520290554128075
mes,3,0,0.6,4,38,3.7613226813476865
mes,3,0,0.6,4,40,3.7698041903440838
mes,3,0,0.6,4,42,3.777579213698186
mes,3,0,0.6,4,44,3.784735505255011
mes,3,0,0.6,4,46,3.791346610272619
mes,3,0,0.6,4,48,3.7974746598849705
mes,3,0,0.6,4,50,3.8031725262608167
mes,3,0,0.6,4,52,3.8084855037072094
mes,3,0,0.6,4,54,3.813452633700529
mes,3,0,0.6,4,56,3.8181077592894033
mes,3,0,0.6,4,58,3.8224803715671736
mes,3,0,0.6,4,60,3.826596294778702
mes,3,0,0.6,4,62,3.8304782450287735
mes,3,0,0.6,4,64,3.8341462891298805
mes,3,0,0.6,4,66,3.83761822391619
mes,3,0,0.6,4,68,3.8409098917386246
mes,3,0,0.4,4,26,2.5961761595267934
mes,3,0,0.4,4,28,2.616799118340538
mes,3,0,0.4,4,30,2.635347375558044
mes,3,0,0.4,4,32,2.6521435832412537
mes,3,0,0.4,4,34,2.667444370291051
mes,3,0,0.4,4,36,2.681456755247636
mes,3,0,0.4,4,38,2.6943498308373006
mes,3,0,0.4,4,40,2.706263250804613
mes,3,0,0.4,4,42,2.7173135047606354
mes,3,0,0.4,4,44,2.7275986318797862
mes,3,0,0.4,4,46,2.737201812793766
mes,3,0,0.4,4,48,2.7461941422251086
mes,3,0,0.4,4,50,2.754636794470059
mes,3,0,0.4,4,52,2.762582732881148
mes,3,0,0.4,4,54,2.770078072667108
mes,3,0,0.4,4,56,2.7771631771580383
mes,3,0,0.4,4,58,2.7838735470305482
mes,3,0,0.4,4,60,2.790240547171539
mes,3,0,0.4,4,62,2.7962920050889704
mes,3,0,0.4,4,64,2.802052706859284
mes,3,0,0.4,4,66,2.8075448107178493
mes,3,0,0.4,4,68,2.8127881939782013
mes,3,0,0.3,4,26,1.8060512148326098
mes,3,0,0.3,4,28,1.8248554634580056
mes,3,0,0.3,4,30,1.8419557864844014
mes,3,0,0.3,4,32,1.8576015408865973
mes,3,0,0.3,4,34,1.8719931505859442
mes,3,0,0.3,4,36,1.8852938933398529
mes,3,0,0.3,4,38,1.8976383762609084
mes,3,0,0.3,4,40,1.9091387497719632
mes,3,0,0.3,4,42,1.919889342692163
mes,3,0,0.3,4,44,1.9299701733125876
mes,3,0,0.3,4,46,1.9394496461459951
mes,3,0,0.3,4,48,1.94838664933395
mes,3,0,0.3,4,50,1.9568322045879387
mes,3,0,0.3,4,52,1.9648307786827632
mes,3,0,0.3,4,54,1.9724213358990208
mes,3,0,0.3,4,56,1.9796381900089668
mes,3,0,0.3,4,58,1.9865116995835206
mes,3,0,0.3,4,60,1.9930688396925484
mes,3,0,0.3,4,62,1.9993336752486066
mes,3,0,0.3,4,64,2.005327755457512
mes,3,0,0.3,4,66,2.0110704445150662
mes,3,0,0.3,4,68,2.0165792004222363
mes,3,0,0.2,4,26,0.9595968385382383
mes,3,0,0.2,4,28,0.9720576686656109
mes,3,0,0.2,4,30,0.9835091768409852
mes,3,0,0.2,4,32,0.9940908068857061
mes,3,0,0.2,4,34,1.0039156338702997
mes,3,0,0.2,4,36,1.0130765477490682
mes,3,0,0.2,4,38,1.0216507355314675
mes,3,0,0.2,4,40,1.029702992399414
mes,3,0,0.2,4,42,1.0372882092820759
mes,3,0,0.2,4,44,1.0444532700665472
mes,3,0,0.2,4,46,1.0512385182744792
mes,3,0,0.2,4,48,1.057678904870992
mes,3,0,0.2,4,50,1.0638048965741516
mes,3,0,0.2,4,52,1.0696432019748008
mes,3,0,0.2,4,54,1.0752173574341726
mes,3,0,0.2,4,56,1.0805482039005798
mes,3,0,0.2,4,58,1.0856542780308127
mes,3,0,0.2,4,60,1.0905521353708063
mes,3,0,0.2,4,62,1.095256619217891
mes,3,0,0.2,4,64,1.099781085711078
mes,3,0,0.2,4,66,1.1041375933912208
mes,3,0,0.2,4,68,1.1083370637225194
mes,3,0,0.15,4,26,0.5790613595334902
mes,3,0,0.15,4,28,0.5872774947994587
mes,3,0,0.15,4,30,0.5948627426259231
mes,3,0,0.15,4,32,0.6019020885337938
mes,3,0,0.15,4,34,0.6084646993934762
mes,3,0,0.15,4,36,0.6146075918678159
mes,3,0,0.15,4,38,0.6203782998366835
mes,3,0,0.15,4,40,0.6258168508592065
mes,3,0,0.15,4,42,0.6309572553543327
mes,3,0,0.15,4,44,0.6358286455213974
mes,3,0,0.15,4,46,0.6404561581580941
mes,3,0,0.15,4,48,0.6448616273196242
mes,3,0,0.15,4,50,0.6490641338032901
mes,3,0,0.15,4,52,0.6530804454610184
mes,3,0,0.15,4,54,0.6569253732956838
mes,3,0,0.15,4,56,0.6606120619013263
mes,3,0,0.15,4,58,0.6641522282118315
mes,3,0,0.15,4,60,0.6675563591855204
mes,3,0,0.15,4,62,0.6708338765899471
mes,3,0,0.15,4,64,0.6739932752278257
mes,3,0,0.15,4,66,0.6770422395608328
mes,3,0,0.15,4,68,0.6799877426482721
mes,3,0,0.1,4,26,0.2716246497808911
mes,3,0,0.1,4,28,0.275767923581669
mes,3,0,0.1,4,30,0.2796084098935819
mes,3,0,0.1,4,32,0.2831860022463727
mes,3,0,0.1,4,34,0.2865332651458221
mes,3,0,0.1,4,36,0.28967711925774253
mes,3,0,0.1,4,38,0.2926400694470646
mes,3,0,0.1,4,40,0.29544111667664374
mes,3,0,0.1,4,42,0.298096446541079
mes,3,0,0.1,4,44,0.3006199569498795
mes,3,0,0.1,4,46,0.3030236679851361
mes,3,0,0.1,4,48,0.30531804411551966
mes,3,0,0.1,4,50,0.3075122503040493
mes,3,0,0.1,4,52,0.30961435762233347
mes,3,0,0.1,4,54,0.3116315098457176
mes,3,0,0.1,4,56,0.313570059578452
mes,3,0,0.1,4,58,0.3154356803491529
mes,3,0,0.1,4,60,0.3172334595864113
mes,3,0,0.1,4,62,0.31896797625144413
mes,3,0,0.1,4,64,0.3206433660650617
mes,3,0,0.1,4,66,0.322263376630009
mes,3,0,0.1,4,68,0.3238314142667972
mes,3,0,0.075,4,26,0.15585799554344648
mes,3,0,0.075,4,28,0.15830455384578224
mes,3,0,0.075,4,30,0.16057623023264306
mes,3,0,0.075,4,32,0.16269586061458313
mes,3,0,0.075,4,34,0.1646821054868285
mes,3,0,0.075,4,36,0.1665504072967445
mes,3,0,0.075,4,38,0.16831368856811632
mes,3,0,0.075,4,40,0.16998287064846407
mes,3,0,0.075,4,42,0.17156726565227076
mes,3,0,0.075,4,44,0.17307487703870789
mes,3,0,0.075,4,46,0.17451263322721505
mes,3,0,0.075,4,48,0.17588657137616767
mes,3,0,0.075,4,50,0.17720198355172997
mes,3,0,0.075,4,52,0.178463534152355
mes,3,0,0.075,4,54,0.17967535511117022
mes,3,0,0.075,4,56,0.18084112373356354
mes,3,0,0.075,4,58,0.18196412683491528
mes,3,0,0.075,4,60,0.18304731397012852
mes,3,0,0.075,4,62,0.18409334190643828
mes,3,0,0.075,4,64,0.1851046120119053
mes,3,0,0.075,4,66,0.18608330186990854
mes,3,0,0.075,4,68,0.18703139215712383
mes,3,0,0.05,4,26,0.07028994678695258
mes,3,0,0.05,4,28,0.07141800966835209
mes,3,0,0.05,4,30,0.07246692075463693
mes,3,0,0.05,4,32,0.07344694694380531
mes,3,0,0.05,4,34,0.07436648396529838
mes,3,0,0.05,4,36,0.07523248463349078
mes,3,0,0.05,4,38,0.07605077126508368
mes,3,0,0.05,4,40,0.07682626792127735
mes,3,0,0.05,4,42,0.07756317595320616
mes,3,0,0.05,4,44,0.07826510868297987
mes,3,0,0.05,4,46,0.07893519612445718
mes,3,0,0.05,4,48,0.0795761673983079
mes,3,0,0.05,4,50,0.08019041630875637
mes,3,0,0.05,4,52,0.08078005404553346
mes,3,0,0.05,4,54,0.08134695193075513
mes,3,0,0.05,4,56,0.08189277638234287
mes,3,0,0.05,4,58,0.08241901773572069
mes,3,0,0.05,4,60,0.08292701417318452
mes,3,0,0.05,4,62,0.08341797172492248
mes,3,0,0.05,4,64,0.08389298109018575
mes,3,0,0.05,4,66,0.08435303186680042
mes,3,0,0.05,4,68,0.08479902465317266
mes,3,0,0.025,4,26,0.017730567598294385
mes,3,0,0.025,4,28,0.018019168812473674
mes,3,0,0.025,4,30,0.018287775549974412
mes,3,0,0.025,4,32,0.018538971063491325
mes,3,0,0.025,4,34,0.018774868653465022
mes,3,0,0.025,4,36,0.01899721911941124
mes,3,0,0.025,4,38,0.019207489164395804
mes,3,0,0.025,4,40,0.019406919692403428
mes,3,0,0.025,4,42,0.019596569882807863
mes,3,0,0.025,4,44,0.019777351013535317
mes,3,0,0.025,4,46,0.019950052765499326
mes,3,0,0.025,4,48,0.02011536392878171
mes,3,0,0.025,4,50,0.020273888882543573
mes,3,0,0.025,4,52,0.020426160841799743
mes,3,0,0.025,4,54,0.020572652604898357
mes,3,0,0.025,4,56,0.02071378534559524
mes,3,0,0.025,4,58,0.02084993586244163
mes,3,0,0.025,4,60,0.020981442599117352
mes,3,0,0.025,4,62,0.02110861067740475
mes,3,0,0.025,4,64,0.021231716130912435
mes,3,0,0.025,4,66,0.02135100948736973
mes,3,0,0.025,4,68,0.021466718815829053
bar,3,1,24.0,5,25,9.151108683797746
bar,3,1,24.0,5,27,9.036984634806847
bar,3,1,24.0,5,29,9.110622652312296
bar,3,1,24.0,5,31,9.113178552370389
bar,3,1,24.0,5,33,9.047203782367067
bar,3,1,24.0,5,35,9.093843765997102
bar,3,1,24.0,5,37,9.096168515224155
bar,3,1,24.0,5,39,9.056857186274765
bar,3,1,24.0,5,41,9.086563440791359
bar,3,1,24.0,5,43,9.08859136014376
bar,3,1,24.0,5,45,9.065621640743606
bar,3,1,24.0,5,47,9.083959624225947
bar,3,1,24.0,5,49,9.085644146499813
bar,3,1,24.0,5,51,9.073085811815488
bar,3,1,24.0,5,53,9.083682677607909
bar,3,1,24.0,5,55,9.085011646351772
bar,3,1,24.0,5,57,9.078878245806292
bar,3,1,24.0,5,59,9.084479000633067
bar,3,1,24.0,5,61,9.085481287628689
bar,3,1,24.0,5,63,9.082930874940077
bar,3,1,24.0,5,65,9.085666907184832
bar,3,1,24.0,5,67,9.086403122714483
bar,3,1,24.0,5,69,9.085587143307611
bar,3,1,12.0,5,25,9.219082700794397
bar,3,1,12.0,5,27,9.140771997154587
bar,3,1,12.0,5,29,9.193646330189972
bar,3,1,12.0,5,31,9.200516260769158
bar,3,1,12.0,5,33,9.171053000140251
bar,3,1,12.0,5,35,9.193983119748818
bar,3,1,12.0,5,37,9.198644085336882
bar,3,1,12.0,5,39,9.190724042000806
bar,3,1,12.0,5,41,9.198935428142146
bar,3,1,12.0,5,43,9.201824609498068
bar,3,1,12.0,5,45,9.201095345008653
bar,3,1,12.0,5,47,9.204049678112105
bar,3,1,12.0,5,49,9.205853692722563
bar,3,1,12.0,5,51,9.206722635224288
bar,3,1,12.0,5,53,9.208200482224234
bar,3,1,12.0,5,55,9.209434800441226
bar,3,1,12.0,5,57,9.210417506979132
bar,3,1,12.0,5,59,9.21143158995765
bar,3,1,12.0,5,61,9.212359548718485
bar,3,1,12.0,5,63,9.213195376620574
bar,3,1,12.0,5,65,9.213987387856765
bar,3,1,12.0,5,67,9.214726341127896
bar,3,1,12.0,5,69,9.215413947372692
bar,3,1,6.0,5,25,9.43818291768107
bar,3,1,6.0,5,27,9.433124802128415
bar,3,1,6.0,5,29,9.445469739246526
bar,3,1,6.0,5,31,9.453144146857234
bar,3,1,6.0,5,33,9.457557170769995
bar,3,1,6.0,5,35,9.462583453722086
bar,3,1,6.0,5,37,9.466935685450423
bar,3,1,6.0,5,39,9.470620131746225
bar,3,1,6.0,5,41,9.473948327879203
bar,3,1,6.0,5,43,9.476937986382833
bar,3,1,6.0,5,45,9.479626989969242
bar,3,1,6.0,5,47,9.482065631721222
bar,3,1,6.0,5,49,9.48428759475231
bar,3,1,6.0,5,51,9.48632033087714
bar,3,1,6.0,5,53,9.488187407467985
bar,3,1,6.0,5,55,9.489908497297423
bar,3,1,6.0,5,57,9.491500212955533
bar,3,1,6.0,5,59,9.492976727441562
bar,3,1,6.0,5,61,9.494350199640463
bar,3,1,6.0,5,63,9.49563112192182
bar,3,1,6.0,5,65,9.496828599269664
bar,3,1,6.0,5,67,9.49795057285328
bar,3,1,6.0,5,69,9.499004001398689
bar,3,1,3.0,5,25,9.926014041781075
bar,3,1,3.0,5,27,9.939207716532698
bar,3,1,3.0,5,29,9.950416840374027
bar,3,1,3.0,5,31,9.960069714389702
bar,3,1,3.0,5,33,9.968471590678249
bar,3,1,3.0,5,35,9.975853548237367
bar,3,1,3.0,5,37,9.982392506467367
bar,3,1,3.0,5,39,9.988226280112862
bar,3,1,3.0,5,41,9.993463942266553
bar,3,1,3.0,5,43,9.998193010007633
bar,3,1,3.0,5,45,10.002484557500818
bar,3,1,3.0,5,47,10.006396929206531
bar,3,1,3.0,5,49,10.009978483951775
bar,3,1,3.0,5,51,10.01326965449546
bar,3,1,3.0,5,53,10.016304514955827
bar,3,1,3.0,5,55,10.019111988728001
bar,3,1,3.0,5,57,10.021716789985383
bar,3,1,3.0,5,59,10.024140165169511
bar,3,1,3.0,5,61,10.026400482528675
bar,3,1,3.0,5,63,10.028513704960302
bar,3,1,3.0,5,65,10.03049377232827
bar,3,1,3.0,5,67,10.032352912910634
bar,3,1,3.0,5,69,10.03410189888353
bar,3,1,1.6,5,25,10.444122735886546
bar,3,1,1.6,5,27,10.464744709453322
bar,3,1,1.6,5,29,10.482503994178426
bar,3,1,1.6,5,31,10.4979645604107
bar,3,1,1.6,5,33,10.511549833526319
bar,3,1,1.6,5,35,10.523584331863288
bar,3,1,1.6,5,37,10.534321196360152
bar,3,1,1.6,5,39,10.54396093701217
bar,3,1,1.6,5,41,10.552664524558175
bar,3,1,1.6,5,43,10.560562735301707
bar,3,1,1.6,5,45,10.567762950568904
bar,3,1,1.6,5,47,10.574354188816832
bar,3,1,1.6,5,49,10.580410886629194
bar,3,1,1.6,5,51,10.58599577862551
bar,3,1,1.6,5,53,10.5911621182316
bar,3,1,1.6,5,55,10.595955409474799
bar,3,1,1.6,5,57,10.60041477138105
bar,3,1,1.6,5,59,10.604574023072324
bar,3,1,1.6,5,61,10.608462554257262
bar,3,1,1.6,5,63,10.612106029177932
bar,3,1,1.6,5,65,10.615526960129122
bar,3,1,1.6,5,67,10.618745177962172
bar,3,1,1.6,5,69,10.621778220579037
bar,3,1,1.2,5,25,10.481192619085322
bar,3,1,1.2,5,27,10.507616126434137
bar,3,1,1.2,5,29,10.530534443662882
bar,3,1,1.2,5,31,10.550607842474443
bar,3,1,1.2,5,33,10.568339416775297
bar,3,1,1.2,5,35,10.58411949969372
bar,3,1,1.2,5,37,10.59825574403181
bar,3,1,1.2,5,39,10.610994016648004
bar,3,1,1.2,5,41,10.622533235186362
bar,3,1,1.2,5,43,10.633036109361452
bar,3,1,1.2,5,45,10.642637052136806
bar,3,1,1.2,5,47,10.651448096826277
bar,3,1,1.2,5,49,10.659563384531106
bar,3,1,1.2,5,51,10.66706261037714
bar,3,1,1.2,5,53,10.674013700604359
bar,3,1,1.2,5,55,10.68047491406746
bar,3,1,1.2,5,57,10.686496507854322
bar,3,1,1.2,5,59,10.692122069195737
bar,3,1,1.2,5,61,10.697389589307528
bar,3,1,1.2,5,63,10.702332335788427
bar,3,1,1.2,5,65,10.706979566406321
bar,3,1,1.2,5,67,10.711357116989205
bar,3,1,1.2,5,69,10.715487888628854
bar,3,1,0.8,5,25,9.817004630406545
bar,3,1,0.8,5,27,9.860082224620365
bar,3,1,0.8,5,29,9.897721821402317
bar,3,1,0.8,5,31,9.93091123599086
bar,3,1,0.8,5,33,9.960410195998996
bar,3,1,0.8,5,35,9.986813010053364
bar,3,1,0.8,5,37,10.010591561671946
bar,3,1,0.8,5,39,10.032125497211688
bar,3,1,0.8,5,41,10.051723860980557
bar,3,1,0.8,5,43,10.06964088598911
bar,3,1,0.8,5,45,10.086087708804556
bar,3,1,0.8,5,47,10.10124118931144
bar,3,1,0.8,5,49,10.115250639823547
bar,3,1,0.8,5,51,10.128243021661085
bar,3,1,0.8,5,53,10.140327002858083
bar,3,1,0.8,5,55,10.151596158899743
bar,3,1,0.8,5,57,10.16213152116369
bar,3,1,0.8,5,59,10.172003623575865
bar,3,1,0.8,5,61,10.181274159465358
bar,3,1,0.8,5,63,10.189997332852272
bar,3,1,0.8,5,65,10.19822096816816
bar,3,1,0.8,5,67,10.205987427497627
bar,3,1,0.8,5,69,10.213334373320347
bar,3,1,0.6,5,25,8.561177911113559
bar,3,1,0.6,5,27,8.621636684773796
bar,3,1,0.6,5,29,8.674924489447578
bar,3,1,0.6,5,31,8.722293039545683
bar,3,1,0.6,5,33,8.76471319054535
bar,3,1,0.6,5,35,8.802950443001091
bar,3,1,0.6,5,37,8.837617142904564
bar,3,1,0.6,5,39,8.869209405293281
bar,3,1,0.6,5,41,8.89813376346481
bar,3,1,0.6,5,43,8.924726750059515
bar,3,1,0.6,5,45,8.949269516820516
bar,3,1,0.6,5,47,8.971998908449917
bar,3,1,0.6,5,49,8.993115960611812
bar,3,1,0.6,5,51,9.012792498969446
bar,3,1,0.6,5,53,9.031176319349486
bar,3,1,0.6,5,55,9.048395294654895
bar,3,1,0.6,5,57,9.064560660757605
bar,3,1,0.6,5,59,9.079769667764534
bar,3,1,0.6,5,61,9.09410773600411
bar,3,1,0.6,5,63,9.107650222023784
bar,3,1,0.6,5,65,9.12046387495538
bar,3,1,0.6,5,67,9.132608045140056
bar,3,1,0.6,5,69,9.144135693100825
bar,3,1,0.4,5,25,5.953645195212267
bar,3,1,0.4,5,27,6.022889360487111
bar,3,1,0.4,5,29,6.085099797178691
bar,3,1,0.4,5,31,6.141385533506042
bar,3,1,0.4,5,33,6.192625007529524
bar,3,1,0.4,5,35,6.23952438286526
bar,3,1,0.4,5,37,6.282658763059804
bar,3,1,0.4,5,39,6.32250194114144
bar,3,1,0.4,5,41,6.35944827791877
bar,3,1,0.4,5,43,6.393829061032853
bar,3,1,0.4,5,45,6.425924920456072
bar,3,1,0.4,5,47,6.455975378276545
bar,3,1,0.4,5,49,6.484186284005478
bar,3,1,0.4,5,51,6.5107356679639405
bar,3,1,0.4,5,53,6.535778396139439
bar,3,1,0.4,5,55,6.559449906434355
bar,3,1,0.4,5,57,6.581869233334721
bar,3,1,0.4,5,59,6.603141475943363
bar,3,1,0.4,5,61,6.623359826619635
bar,3,1,0.4,5,63,6.642607249846334
bar,3,1,0.4,5,65,6.660957880476543
bar,3,1,0.4,5,67,6.678478195191635
bar,3,1,0.4,5,69,6.695227999421562
bar,3,1,0.3,5,25,4.101922835822019
bar,3,1,0.3,5,27,4.160678776323632
bar,3,1,0.3,5,29,4.214066374553663
bar,3,1,0.3,5,31,4.26288351017494
bar,3,1,0.3,5,33,4.307768463435514
bar,3,1,0.3,5,35,4.34923917676565
bar,3,1,0.3,5,37,4.387721241363214
bar,3,1,0.3,5,39,4.42356826389681
bar,3,1,0.3,5,41,4.457076961509153
bar,3,1,0.3,5,43,4.488498533203196
bar,3,1,0.3,5,45,4.518047351940341
bar,3,1,0.3,5,47,4.545907696575028
bar,3,1,0.3,5,49,4.572239028057804
bar,3,1,0.3,5,51,4.597180169705458
bar,3,1,0.3,5,53,4.620852652107105
bar,3,1,0.3,5,55,4.64336341400873
bar,3,1,0.3,5,57,4.66480700148033
bar,3,1,0.3,5,59,4.6852673724496805
bar,3,1,0.3,5,61,4.704819388052213
bar,3,1,0.3,5,63,4.72353005337916
bar,3,1,0.3,5,65,4.741459556151381
bar,3,1,0.3,5,67,4.758662141278902
bar,3,1,0.3,5,69,4.775186851239197
bar,3,1,0.2,5,25,2.1550579566957304
bar,3,1,0.2,5,29,2.2246746492326497
bar,3,1,0.2,5,33,2.2839689611127683
bar,3,1,0.2,5,37,2.335444153067
bar,3,1,0.2,5,41,2.380804530153958
bar,3,1,0.2,5,45,2.4212607897668215
bar,3,1,0.2,5,49,2.4577026292393622
bar,3,1,0.2,5,53,2.490802209731029
bar,3,1,0.2,5,57,2.5210791893327595
bar,3,1,0.2,5,61,2.5489432368453064
bar,3,1,0.2,5,65,2.5747227573739284
bar,3,1,0.2,5,69,2.5986848564438048
bar,3,1,0.15,5,25,1.2925177907327057
bar,3,1,0.15,5,29,1.3369615042820828
bar,3,1,0.15,5,33,1.3751136565269075
bar,3,1,0.15,5,37,1.408472341773063
bar,3,1,0.15,5,41,1.4380620738459409
bar,3,1,0.15,5,45,1.4646137298123818
bar,3,1,0.15,5,49,1.4886665745151801
bar,3,1,0.15,5,53,1.5106295914746368
bar,3,1,0.15,5,57,1.5308201398113674
bar,3,1,0.15,5,61,1.5494892931807058
bar,3,1,0.15,5,65,1.566839005468542
bar,3,1,0.15,5,69,1.5830340712114264
bar,3,1,0.1,5,25,0.6026355354010461
bar,3,1,0.1,5,29,0.624343714954734
bar,3,1,0.1,5,33,0.6430945579484564
bar,3,1,0.1,5,37,0.6595830235773917
bar,3,1,0.1,5,41,0.6742857593677805
bar,3,1,0.1,5,45,0.6875437521349705
bar,3,1,0.1,5,49,0.6996092743258392
bar,3,1,0.1,5,53,0.7106741540565593
bar,3,1,0.1,5,57,0.720887623581316
bar,3,1,0.1,5,61,0.7303680378078408
bar,3,1,0.1,5,65,0.739210825709082
bar,3,1,0.1,5,69,0.7474940393639948
bar,3,1,0.075,5,25,0.3448659113978967
bar,3,1,0.075,5,29,0.3574986126221325
bar,3,1,0.075,5,33,0.36843579549639655
bar,3,1,0.075,5,37,0.37807412674544016
bar,3,1,0.075,5,41,0.38668591200069713
bar,3,1,0.075,5,45,0.394466125757923
bar,3,1,0.075,5,49,0.40155913961801987
bar,3,1,0.075,5,53,0.4080748258553986
bar,3,1,0.075,5,57,0.41409872960877786
bar,3,1,0.075,5,61,0.4196987507510956
bar,3,1,0.075,5,65,0.42492967993603753
bar,3,1,0.075,5,69,0.4298363656591336
bar,3,1,0.05,5,25,0.15519223222812756
bar,3,1,0.05,5,29,0.16094655145748543
bar,3,1,0.05,5,33,0.16593718153805082
bar,3,1,0.05,5,37,0.17034224439945067
bar,3,1,0.05,5,41,0.1742840910146597
bar,3,1,0.05,5,45,0.17785037694491324
bar,3,1,0.05,5,49,0.1811060445805476
bar,3,1,0.05,5,53,0.18410054487244565
bar,3,1,0.05,5,57,0.1868724006160352
bar,3,1,0.05,5,61,0.18945220492019368
bar,3,1,0.05,5,65,0.19186465737949754
bar,3,1,0.05,5,69,0.19412998616069954
bar,3,1,0.025,5,25,0.03909108642558391
bar,3,1,0.025,5,29,0.04055125835394297
bar,3,1,0.025,5,33,0.04181899918253771
bar,3,1,0.025,5,37,0.042939113298718745
bar,3,1,0.025,5,41,0.04394238694182721
bar,3,1,0.025,5,45,0.04485088335939615
bar,3,1,0.025,5,49,0.04568095396196963
bar,3,1,0.025,5,53,0.046445053519139766
bar,3,1,0.025,5,57,0.04715288736634475
bar,3,1,0.025,5,61,0.04781216535514276
bar,3,1,0.025,5,65,0.04842911392774129
bar,3,1,0.025,5,69,0.04900883381743221
mes,4,0,1.6,4,26,4.762606077175752
mes,4,0,1.6,4,28,4.7683125675406846
mes,4,0,1.6,4,30,4.773277193771871
mes,4,0,1.6,4,32,4.77763639875708
mes,4,0,1.6,4,34,4.781494988372867
mes,4,0,1.6,4,36,4.7849348239667675
mes,4,0,1.6,4,38,4.7880207913178285
mes,4,0,1.6,4,40,4.790804994316527
mes,4,0,1.6,4,42,4.793329761456998
mes,4,0,1.6,4,44,4.795629840264817
mes,4,0,1.6,4,46,4.797734024955677
mes,4,0,1.6,4,48,4.799666381319588
mes,4,0,1.6,4,50,4.801447180671524
mes,4,0,1.6,4,52,4.803093620527835
mes,4,0,1.6,4,54,4.804620386816471
mes,4,0,1.6,4,56,4.806040096885419
mes,4,0,1.6,4,58,4.807363651821883
mes,4,0,1.6,4,60,4.808600519050831
mes,4,0,1.6,4,62,4.8097589608124505
mes,4,0,1.6,4,64,4.810846220248046
mes,4,0,1.6,4,66,4.811868674004691
mes,4,0,1.6,4,68,4.812831958188228
mes,4,0,1.2,4,26,4.789109275055681
mes,4,0,1.2,4,28,4.797328159208469
mes,4,0,1.2,4,30,4.804505251993365
mes,4,0,1.2,4,32,4.810828291812687
mes,4,0,1.2,4,34,4.816442253733777
mes,4,0,1.2,4,36,4.821460908461825
mes,4,0,1.2,4,38,4.825974815658759
mes,4,0,1.2,4,40,4.830056974277128
mes,4,0,1.2,4,42,4.833766895198754
mes,4,0,1.2,4,44,4.837153588153627
mes,4,0,1.2,4,46,4.840257786813125
mes,4,0,1.2,4,48,4.843113629888018
mes,4,0,1.2,4,50,4.845749947580424
mes,4,0,1.2,4,52,4.848191257583815
mes,4,0,1.2,4,54,4.850458544488231
mes,4,0,1.2,4,56,4.85256987570926
mes,4,0,1.2,4,58,4.854540892654419
mes,4,0,1.2,4,60,4.856385205694504
mes,4,0,1.2,4,62,4.858114714257941
mes,4,0,1.2,4,64,4.85973986812645
mes,4,0,1.2,4,66,4.861269882176994
mes,4,0,1.2,4,68,4.86271291398146
mes,4,0,0.8,4,26,4.482160123279133
mes,4,0,0.8,4,28,4.497949444995507
mes,4,0,0.8,4,30,4.511844427681016
mes,4,0,0.8,4,32,4.524175003348733
mes,4,0,0.8,4,34,4.535197686640458
mes,4,0,0.8,4,36,4.545115088181008
mes,4,0,0.8,4,38,4.554089483235827
mes,4,0,0.8,4,40,4.562252455101693
mes,4,0,0.8,4,42,4.569711882525106
mes,4,0,0.8,4,44,4.576557090618178
mes,4,0,0.8,4,46,4.582862707085676
mes,4,0,0.8,4,48,4.58869158970926
mes,4,0,0.8,4,50,4.594097077043753
mes,4,0,0.8,4,52,4.5991247388349175
mes,4,0,0.8,4,54,4.603813751782713
mes,4,0,0.8,4,56,4.608197991359695
mes,4,0,0.8,4,58,4.612306906056172
mes,4,0,0.8,4,60,4.616166223210576
mes,4,0,0.8,4,62,4.6197985232487735
mes,4,0,0.8,4,64,4.623223710204953
mes,4,0,0.8,4,66,4.626459399826393
mes,4,0,0.8,4,68,4.629521241692178
mes,4,0,0.6,4,26,3.8995309070539856
mes,4,0,0.6,4,28,3.922367013129162
mes,4,0,0.6,4,30,3.9426891310605408
mes,4,0,0.6,4,32,3.9609108993767235
mes,4,0,0.6,4,34,3.97735778625743
mes,4,0,0.6,4,36,3.992289720224031
mes,4,0,0.6,4,38,4.005917027739185
mes,4,0,0.6,4,40,4.018411893158146
mes,4,0,0.6,4,42,4.029916752412077
mes,4,0,0.6,4,44,4.04055054291459
mes,4,0,0.6,4,46,4.050413426571776
mes,4,0,0.6,4,48,4.059590406942631
mes,4,0,0.6,4,50,4.068154133290945
mes,4,0,0.6,4,52,4.0761670984957705
mes,4,0,0.6,4,54,4.083683379397225
mes,4,0,0.6,4,56,4.0907500277321205
mes,4,0,0.6,4,58,4.097408191406453
mes,4,0,0.6,4,60,4.103694025602855
mes,4,0,0.6,4,62,4.109639438599465
mes,4,0,0.6,4,64,4.11527270649666
mes,4,0,0.6,4,66,4.120618983150971
mes,4,0,0.6,4,68,4.125700725723771
mes,4,0,0.4,4,26,2.703073076964338
mes,4,0,0.4,4,28,2.729165821604022
mes,4,0,0.4,4,30,2.75280224660625
mes,4,0,0.4,4,32,2.7743490585422994
mes,4,0,0.4,4,34,2.7941000907204216
mes,4,0,0.4,4,36,2.812294011921863
mes,4,0,0.4,4,38,2.8291270272884432
mes,4,0,0.4,4,40,2.8447621671982253
mes,4,0,0.4,4,42,2.8593361995743654
mes,4,0,0.4,4,44,2.8729648540250667
mes,4,0,0.4,4,46,2.8857468255351497
mes,4,0,0.4,4,48,2.897766881744504
mes,4,0,0.4,4,50,2.9090983022978567
mes,4,0,0.4,4,52,2.919804813964461
mes,4,0,0.4,4,54,2.9299421405307218
mes,4,0,0.4,4,56,2.9395592551411323
mes,4,0,0.4,4,58,2.94869940047402
mes,4,0,0.4,4,60,2.9574009260743925
mes,4,0,0.4,4,62,2.965697980433405
mes,4,0,0.4,4,64,2.9736210867503243
mes,4,0,0.4,4,66,2.981197624842076
mes,4,0,0.4,4,68,2.9884522368009394
mes,4,0,0.3,4,26,1.8596001968871925
mes,4,0,0.3,4,28,1.8816876490585868
mes,4,0,0.3,4,30,1.901888516079607
mes,4,0,0.3,4,32,1.9204699512659753
mes,4,0,0.3,4,34,1.9376478331349019
mes,4,0,0.3,4,36,1.9535989136198812
mes,4,0,0.3,4,38,1.9684695979047202
mes,4,0,0.3,4,40,1.9823824122584504
mes,4,0,0.3,4,42,1.9954408502125267
mes,4,0,0.3,4,44,2.007733059158815
mes,4,0,0.3,4,46,2.0193346833414707
mes,4,0,0.3,4,48,2.030311083491595
mes,4,0,0.3,4,50,2.040719089312516
mes,4,0,0.3,4,52,2.050608397360439
mes,4,0,0.3,4,54,2.060022696571312
mes,4,0,0.3,4,56,2.0690005823474364
mes,4,0,0.3,4,58,2.077576304855776
mes,4,0,0.3,4,60,2.085780386134969
mes,4,0,0.3,4,62,2.093640132507636
mes,4,0,0.3,4,64,2.1011800627757866
mes,4,0,0.3,4,66,2.108422268175837
mes,4,0,0.3,4,68,2.1153867166547826
mes,4,0,0.2,4,26,0.9763691467321314
mes,4,0,0.2,4,28,0.9900297935941387
mes,4,0,0.2,4,30,1.0026300538163997
mes,4,0,0.2,4,32,1.0143133238705082
mes,4,0,0.2,4,34,1.0251962539430706
mes,4,0,0.2,4,36,1.0353749588561307
mes,4,0,0.2,4,38,1.0449295326228618
mes,4,0,0.2,4,40,1.053927392419939
mes,4,0,0.2,4,42,1.0624257972826252
mes,4,0,0.2,4,44,1.0704737737643217
mes,4,0,0.2,4,46,1.078113608106704
mes,4,0,0.2,4,48,1.0853820166327512
mes,4,0,0.2,4,50,1.0923110739353825
mes,4,0,0.2,4,52,1.0989289564339362
mes,4,0,0.2,4,54,1.1052605435424303
mes,4,0,0.2,4,56,1.1113279078599796
mes,4,0,0.2,4,58,1.1171507180094713
mes,4,0,0.2,4,60,1.1227465721000935
mes,4,0,0.2,4,62,1.128131275623902
mes,4,0,0.2,4,64,1.1333190745020778
mes,4,0,0.2,4,66,1.1383228516641561
mes,4,0,0.2,4,68,1.143154293776197
mes,4,0,0.15,4,26,0.5857226095686694
mes,4,0,0.15,4,28,0.5944540633425146
mes,4,0,0.15,4,30,0.6025363490158717
mes,4,0,0.15,4,32,0.6100555950205786
mes,4,0,0.15,4,34,0.6170820451115151
mes,4,0,0.15,4,36,0.6236737196189415
mes,4,0,0.15,4,38,0.6298790819262141
mes,4,0,0.15,4,40,0.6357390173385425
mes,4,0,0.15,4,42,0.6412883263655573
mes,4,0,0.15,4,44,0.6465568684908961
mes,4,0,0.15,4,46,0.651570450043185
mes,4,0,0.15,4,48,0.6563515218103794
mes,4,0,0.15,4,50,0.6609197332231277
mes,4,0,0.15,4,52,0.6652923770302088
mes,4,0,0.15,4,54,0.6694847493967733
mes,4,0,0.15,4,56,0.6735104439839124
mes,4,0,0.15,4,58,0.6773815939896359
mes,4,0,0.15,4,60,0.681109072802907
mes,4,0,0.15,4,62,0.6847026614615415
mes,4,0,0.15,4,64,0.6881711892810914
mes,4,0,0.15,4,66,0.6915226526401107
mes,4,0,0.15,4,68,0.694764315862208
mes,4,0,0.1,4,26,0.27324271579825965
mes,4,0,0.1,4,28,0.2775216889557294
mes,4,0,0.1,4,30,0.2814941975825083
mes,4,0,0.1,4,32,0.28520028747655
mes,4,0,0.1,4,34,0.28867267964083126
mes,4,0,0.1,4,36,0.29193845011084846
mes,4,0,0.1,4,38,0.2950202548474489
mes,4,0,0.1,4,40,0.2979372398610459
mes,4,0,0.1,4,42,0.30070572882948965
mes,4,0,0.1,4,44,0.30333975040079086
mes,4,0,0.1,4,46,0.30585144800450936
mes,4,0,0.1,4,48,0.3082514022227903
mes,4,0,0.1,4,50,0.310548887177108
mes,4,0,0.1,4,52,0.312752076486349
mes,4,0,0.1,4,54,0.3148682102399614
mes,4,0,0.1,4,56,0.31690373150865353
mes,4,0,0.1,4,58,0.318864398823301
mes,4,0,0.1,4,60,0.32075537952033883
mes,4,0,0.1,4,62,0.3225813277266639
mes,4,0,0.1,4,64,0.32434644991876194
mes,4,0,0.1,4,66,0.3260545603556281
mes,4,0,0.1,4,68,0.32770912820379977
mes,4,0,0.075,4,26,0.1564157816548245
mes,4,0,0.075,4,28,0.15891089544285814
mes,4,0,0.075,4,30,0.16123002496748315
mes,4,0,0.075,4,32,0.16339603807134745
mes,4,0,0.075,4,34,0.16542763134213873
mes,4,0,0.075,4,36,0.1673402852348886
mes,4,0,0.075,4,38,0.16914696077525246
mes,4,0,0.075,4,40,0.17085861741147357
mes,4,0,0.075,4,42,0.17248460440267213
mes,4,0,0.075,4,44,0.17403296106566343
mes,4,0,0.075,4,46,0.17551065020452503
mes,4,0,0.075,4,48,0.17692374180090295
mes,4,0,0.075,4,50,0.17827755915679572
mes,4,0,0.075,4,52,0.17957679633477075
mes,4,0,0.075,4,54,0.18082561340199207
mes,4,0,0.075,4,56,0.1820277143251204
mes,4,0,0.075,4,58,0.18318641117504372
mes,4,0,0.075,4,60,0.18430467742722284
mes,4,0,0.075,4,62,0.18538519250813443
mes,4,0,0.075,4,64,0.18643037925508243
mes,4,0,0.075,4,66,0.18744243560170845
mes,4,0,0.075,4,68,0.18842336152270708
mes,4,0,0.05,4,26,0.07040774228761196
mes,4,0,0.05,4,28,0.07154638059531952
mes,4,0,0.05,4,30,0.07260566851490895
mes,4,0,0.05,4,32,0.07359587625410303
mes,4,0,0.05,4,34,0.0745254041250428
mes,4,0,0.05,4,36,0.07540121027122769
mes,4,0,0.05,4,38,0.0762291227406297
mes,4,0,0.05,4,40,0.07701407149929917
mes,4,0,0.05,4,42,0.07776026382727493
mes,4,0,0.05,4,44,0.07847131890079242
mes,4,0,0.05,4,46,0.07915037244931969
mes,4,0,0.05,4,48,0.07980015913166211
mes,4,0,0.05,4,50,0.08042307808835646
mes,4,0,0.05,4,52,0.08102124563312454
mes,4,0,0.05,4,54,0.08159653799278602
mes,4,0,0.05,4,56,0.08215062627347684
mes,4,0,0.05,4,58,0.08268500528494417
mes,4,0,0.05,4,60,0.08320101747668501
mes,4,0,0.05,4,62,0.08369987294661668
mes,4,0,0.05,4,64,0.08418266627078576
mes,4,0,0.05,4,66,0.08465039074140089
mes,4,0,0.05,4,68,0.08510395047832872
mes,4,0,0.025,4,26,0.017738250978325387
mes,4,0,0.025,4,28,0.018027556326361827
mes,4,0,0.025,4,30,0.018296855924293455
mes,4,0,0.025,4,32,0.01854873310231218
mes,4,0,0.025,4,34,0.018785301335850185
mes,4,0,0.025,4,36,0.019008311660584927
mes,4,0,0.025,4,38,0.019219231053522568
mes,4,0,0.025,4,40,0.019419300713184026
mes,4,0,0.025,4,42,0.019609580124178915
mes,4,0,0.025,4,44,0.019790980871897842
mes,4,0,0.025,4,46,0.019964292942648548
mes,4,0,0.025,4,48,0.020130205426386792
mes,4,0,0.025,4,50,0.020289322993806196
mes,4,0,0.025,4,52,0.020442179142805553
mes,4,0,0.025,4,54,0.020589246944373016
mes,4,0,0.025,4,56,0.020730947834376925
mes,4,0,0.025,4,58,0.020867658863037403
mes,4,0,0.025,4,60,0.02099971871538046
mes,4,0,0.025,4,62,0.02112743274401723
mes,4,0,0.025,4,64,0.02125107720357102
mes,4,0,0.025,4,66,0.02137090283318946
mes,4,0,0.025,4,68,0.021487137904042344
bar,4,1,1.6,6,26,19.626952686763843
bar,4,1,1.6,6,28,19.685708664365674
bar,4,1,1.6,6,30,19.736652258787405
bar,4,1,1.6,6,32,19.781277022037642
bar,4,1,1.6,6,34,19.82071016785964
bar,4,1,1.6,6,36,19.855821095807695
bar,4,1,1.6,6,38,19.887292501864202
bar,4,1,1.6,6,40,19.915668710228832
bar,4,1,1.6,6,42,19.94138948736389
bar,4,1,1.6,6,44,19.964814269871088
bar,4,1,1.6,6,46,19.986239878123534
bar,4,1,1.6,6,48,20.005913695410577
bar,4,1,1.6,6,50,20.02404362494997
bar,4,1,1.6,6,52,20.04080571577924
bar,4,1,1.6,6,54,20.05635007513949
bar,4,1,1.6,6,56,20.070805503321832
bar,4,1,1.6,6,58,20.084283163760713
bar,4,1,1.6,6,60,20.096879516057534
bar,4,1,1.6,6,62,20.108678679884733
bar,4,1,1.6,6,64,20.119754355143513
bar,4,1,1.6,6,66,20.130171393005988
bar,4,1,1.6,6,68,20.13998709000073
bar,4,1,1.2,6,26,19.90479301411011
bar,4,1,1.2,6,28,19.98280856323013
bar,4,1,1.2,6,30,20.051114355357985
bar,4,1,1.2,6,32,20.11143037054089
bar,4,1,1.2,6,34,20.16509232804924
bar,4,1,1.2,6,36,20.213153053187778
bar,4,1,1.2,6,38,20.256453562359052
bar,4,1,1.2,6,40,20.295673813310735
bar,4,1,1.2,6,42,20.331369555867987
bar,4,1,1.2,6,44,20.36399951327015
bar,4,1,1.2,6,46,20.39394572320249
bar,4,1,1.2,6,48,20.421528963396106
bar,4,1,1.2,6,50,20.4470205932029
bar,4,1,1.2,6,52,20.47065174645847
bar,4,1,1.2,6,54,20.4926205422924
bar,4,1,1.2,6,56,20.51309779553418
bar,4,1,1.2,6,58,20.5322315790913
bar,4,1,1.2,6,60,20.550150899154072
bar,4,1,1.2,6,62,20.566968678433327
bar,4,1,1.2,6,64,20.582784195021276
bar,4,1,1.2,6,66,20.597685089518027
bar,4,1,1.2,6,68,20.611749027174813
bar,4,1,0.8,6,26,18.604755052737595
bar,4,1,0.8,6,28,18.741222403280016
bar,4,1,0.8,6,30,18.86153203328864
bar,4,1,0.8,6,32,18.96848016382046
bar,4,1,0.8,6,34,19.06424210966304
bar,4,1,0.8,6,36,19.150537435090794
bar,4,1,0.8,6,38,19.228744650794034
bar,4,1,0.8,6,40,19.299982670327335
bar,4,1,0.8,6,42,19.36516981090925
bar,4,1,0.8,6,44,19.425067283774684
bar,4,1,0.8,6,46,19.480311757567872
bar,4,1,0.8,6,48,19.5314400863891
bar,4,1,0.8,6,50,19.578908329049543
bar,4,1,0.8,6,52,19.623106548347785
bar,4,1,0.8,6,54,19.664370449552305
bar,4,1,0.8,6,56,19.70299062272204
bar,4,1,0.8,6,58,19.739219948305568
bar,4,1,0.8,6,60,19.77327958040056
bar,4,1,0.8,6,62,19.805363818124285
bar,4,1,0.8,6,64,19.83564410013666
bar,4,1,0.8,6,66,19.864272302015937
bar,4,1,0.8,6,68,19.891383475132
bar,4,1,0.6,6,26,15.968712865862882
bar,4,1,0.6,6,28,16.143655488804004
bar,4,1,0.6,6,30,16.299880263967264
bar,4,1,0.6,6,32,16.440401842050147
bar,4,1,0.6,6,34,16.567603074149343
bar,4,1,0.6,6,36,16.683394908907598
bar,4,1,0.6,6,38,16.789329570555452
bar,4,1,0.6,6,40,16.88668231582436
bar,4,1,0.6,6,42,16.976511570016473
bar,4,1,0.6,6,44,17.059703880105467
bar,4,1,0.6,6,46,17.137008009741358
bar,4,1,0.6,6,48,17.209061140545113
bar,4,1,0.6,6,50,17.276409248802345
bar,4,1,0.6,6,52,17.339523125746148
bar,4,1,0.6,6,54,17.398811098997548
bar,4,1,0.6,6,56,17.45462922748167
bar,4,1,0.6,6,58,17.50728954100312
bar,4,1,0.6,6,60,17.557066751854595
bar,4,1,0.6,6,62,17.60420376169248
bar,4,1,0.6,6,64,17.64891621060827
bar,4,1,0.6,6,66,17.691396258786217
bar,4,1,0.6,6,68,17.73181574883329
bar,4,1,0.4,6,26,10.814824497306981
bar,4,1,0.4,6,28,10.982162271089962
bar,4,1,0.4,6,30,11.13434968634575
bar,4,1,0.4,6,32,11.273590031346528
bar,4,1,0.4,6,34,11.401657039178957
bar,4,1,0.4,6,36,11.519997720999687
bar,4,1,0.4,6,38,11.629806480816526
bar,4,1,0.4,6,40,11.73207956284237
bar,4,1,0.4,6,42,11.82765573636996
bar,4,1,0.4,6,44,11.917247163155132
bar,4,1,0.4,6,46,12.001463139486134
bar,4,1,0.4,6,48,12.080828585626296
bar,4,1,0.4,6,50,12.155798608008482
bar,4,1,0.4,6,52,12.226770087068367
bar,4,1,0.4,6,54,12.29409098570188
bar,4,1,0.4,6,56,12.358067891942564
bar,4,1,0.4,6,58,12.418972180022859
bar,4,1,0.4,6,60,12.477045080398739
bar,4,1,0.4,6,62,12.532501880808944
bar,4,1,0.4,6,64,12.585535429720801
bar,4,1,0.4,6,66,12.636319075563183
bar,4,1,0.4,6,68,12.685009146471952
bar,4,1,0.3,6,26,7.3446379429532485
bar,4,1,0.3,6,28,7.474483972184508
bar,4,1,0.3,6,30,7.593591612913097
bar,4,1,0.3,6,32,7.703453722071072
bar,4,1,0.3,6,34,7.805280062473938
bar,4,1,0.3,6,36,7.900063778567581
bar,4,1,0.3,6,38,7.9886295768492035
bar,4,1,0.3,6,40,8.071669309607156
bar,4,1,0.3,6,42,8.149768699237748
bar,4,1,0.3,6,44,8.223427712220234
bar,4,1,0.3,6,46,8.293076302985453
bar,4,1,0.3,6,48,8.359086729573605
bar,4,1,0.3,6,50,8.421783295295974
bar,4,1,0.3,6,52,8.481450133025024
bar,4,1,0.3,6,54,8.538337483587009
bar,4,1,0.3,6,56,8.59266680314627
bar,4,1,0.3,6,58,8.644634950975957
bar,4,1,0.3,6,60,8.694417648434312
bar,4,1,0.3,6,62,8.742172355469021
bar,4,1,0.3,6,64,8.788040677925762
bar,4,1,0.3,6,66,8.832150394131757
bar,4,1,0.3,6,68,8.874617170422335
bar,4,1,0.2,6,26,3.8096722196701327
bar,4,1,0.2,6,28,3.8841887013390997
bar,4,1,0.2,6,30,3.953027048984783
bar,4,1,0.2,6,32,4.016949924231584
bar,4,1,0.2,6,34,4.076578131186641
bar,4,1,0.2,6,36,4.132423504006416
bar,4,1,0.2,6,38,4.184912828084171
bar,4,1,0.2,6,40,4.234405566962425
bar,4,1,0.2,6,42,4.281207218843249
bar,4,1,0.2,6,44,4.325579530942174
bar,4,1,0.2,6,46,4.367748416221021
bar,4,1,0.2,6,48,4.407910164191991
bar,4,1,0.2,6,50,4.44623636743456
bar,4,1,0.2,6,52,4.482877868966245
bar,4,1,0.2,6,54,4.517967954421897
bar,4,1,0.2,6,56,4.551624955561141
bar,4,1,0.2,6,58,4.583954390388
bar,4,1,0.2,6,60,4.615050735190423
bar,4,1,0.2,6,62,4.6449989017369235
bar,4,1,0.2,6,64,4.673875476452065
bar,4,1,0.2,6,66,4.701749766031566
bar,4,1,0.2,6,68,4.7286846845852875
bar,4,1,0.15,6,26,2.2731858989248845
bar,4,1,0.15,6,28,2.3193276881380593
bar,4,1,0.15,6,30,2.3620701350422104
bar,4,1,0.15,6,32,2.4018642955954985
bar,4,1,0.15,6,34,2.4390778588323796
bar,4,1,0.15,6,36,2.4740143957019693
bar,4,1,0.15,6,38,2.506927375572211
bar,4,1,0.15,6,40,2.5380305642394623
bar,4,1,0.15,6,42,2.5675058663383337
bar,4,1,0.15,6,44,2.5955093286223185
bar,4,1,0.15,6,46,2.6221757972123467
bar,4,1,0.15,6,48,2.647622574579646
bar,4,1,0.15,6,50,2.671952322867035
bar,4,1,0.15,6,52,2.695255392150768
bar,4,1,0.15,6,54,2.7176117048326103
bar,4,1,0.15,6,56,2.739092293772814
bar,4,1,0.15,6,58,2.759760567657139
bar,4,1,0.15,6,60,2.779673359547518
bar,4,1,0.15,6,62,2.7988818016324317
bar,4,1,0.15,6,64,2.817432059578417
bar,4,1,0.15,6,66,2.8353659526317054
bar,4,1,0.15,6,68,2.8527214801186207
bar,4,1,0.1,6,26,1.055709341809199
bar,4,1,0.1,6,28,1.0777290594555133
bar,4,1,0.1,6,30,1.0981688021620382
bar,4,1,0.1,6,32,1.1172364420639112
bar,4,1,0.1,6,34,1.1351015940079912
bar,4,1,0.1,6,36,1.151904424888968
bar,4,1,0.1,6,38,1.1677620731976621
bar,4,1,0.1,6,40,1.1827734146895876
bar,4,1,0.1,6,42,1.19702265918881
bar,4,1,0.1,6,44,1.2105821056815
bar,4,1,0.1,6,46,1.223514280996937
bar,4,1,0.1,6,48,1.2358736201510463
bar,4,1,0.1,6,50,1.2477078011587004
bar,4,1,0.1,6,52,1.25905881605646
bar,4,1,0.1,6,54,1.2699638382108107
bar,4,1,0.1,6,56,1.2804559306300285
bar,4,1,0.1,6,58,1.2905646289682826
bar,4,1,0.1,6,60,1.3003164248759043
bar,4,1,0.1,6,62,1.30973516943294
bar,4,1,0.1,6,64,1.3188424119945223
bar,4,1,0.1,6,66,1.3276576864560208
bar,4,1,0.1,6,68,1.3361987544210991
bar,4,1,0.075,6,26,0.6032752235656671
bar,4,1,0.075,6,28,0.6159806112820618
bar,4,1,0.075,6,30,0.6277832360455033
bar,4,1,0.075,6,32,0.6388015308461625
bar,4,1,0.075,6,34,0.6491321627371598
bar,4,1,0.075,6,36,0.658855040197114
bar,4,1,0.075,6,38,0.6680369630323673
bar,4,1,0.075,6,40,0.6767343326014368
bar,4,1,0.075,6,42,0.6849951977765263
bar,4,1,0.075,6,44,0.6928608224585385
bar,4,1,0.075,6,46,0.7003669026357677
bar,4,1,0.075,6,48,0.7075445228078229
bar,4,1,0.075,6,50,0.714420915883919
bar,4,1,0.075,6,52,0.721020073021438
bar,4,1,0.075,6,54,0.72736323755743
bar,4,1,0.075,6,56,0.7334693084627976
bar,4,1,0.075,6,58,0.7393551724763967
bar,4,1,0.075,6,60,0.7450359795134963
bar,4,1,0.075,6,62,0.750525372574441
bar,4,1,0.075,6,64,0.7558356808771141
bar,4,1,0.075,6,66,0.7609780830445975
bar,4,1,0.075,6,68,0.765962745746795
bar,4,1,0.05,6,26,0.27119390939344634
bar,4,1,0.05,6,28,0.2769454149213013
bar,4,1,0.05,6,30,0.2822911862960192
bar,4,1,0.05,6,32,0.2872843453189168
bar,4,1,0.05,6,34,0.29196826050983116
bar,4,1,0.05,6,36,0.29637878945592283
bar,4,1,0.05,6,38,0.3005459135705017
bar,4,1,0.05,6,40,0.30449495218472994
bar,4,1,0.05,6,42,0.3082474792198656
bar,4,1,0.05,6,44,0.3118220256036999
bar,4,1,0.05,6,46,0.3152346247249889
bar,4,1,0.05,6,48,0.3184992411372171
bar,4,1,0.05,6,50,0.3216281112192831
bar,4,1,0.05,6,52,0.3246320165997802
bar,4,1,0.05,6,54,0.327520505641219
bar,4,1,0.05,6,56,0.330302074375847
bar,4,1,0.05,6,58,0.3329843154734992
bar,4,1,0.05,6,60,0.33557404178185746
bar,4,1,0.05,6,62,0.33807738946823973
bar,4,1,0.05,6,64,0.3404999046715018
bar,4,1,0.05,6,66,0.34284661672819333
bar,4,1,0.05,6,68,0.3451221003887698
bar,4,1,0.025,6,26,0.06826696734720925
bar,4,1,0.025,6,28,0.06972088743388345
bar,4,1,0.025,6,30,0.07107269310277094
bar,4,1,0.025,6,32,0.07233573829285578
bar,4,1,0.025,6,34,0.07352092655026674
bar,4,1,0.025,6,36,0.0746372741754321
bar,4,1,0.025,6,38,0.07569232082408166
bar,4,1,0.025,6,40,0.07669243447955285
bar,4,1,0.025,6,42,0.07764304173785755
bar,4,1,0.025,6,44,0.07854880428407782
bar,4,1,0.025,6,46,0.07941375594484351
bar,4,1,0.025,6,48,0.08024141041459604
bar,4,1,0.025,6,50,0.08103484686531923
bar,4,1,0.025,6,52,0.08179677866477461
bar,4,1,0.025,6,54,0.08252960904417582
bar,4,1,0.025,6,56,0.08323547657901528
bar,4,1,0.025,6,58,0.08391629263560411
bar,4,1,0.025,6,60,0.08457377242920136
bar,4,1,0.025,6,62,0.08520946095407769
bar,4,1,0.025,6,64,0.08582475477132621
bar,4,1,0.025,6,66,0.08642092042003463
bar,4,1,0.025,6,68,0.08699911006288916
